source_position,wt_residue,pdb_chain_id,pdb_residue_number,pdb_model_index,pdb_wt_residue,mapping_status,notes
2,H,A,1002,4,H,aligned_match,Paper WT residue matches WT_model residue after global alignment
3,S,A,1003,5,S,aligned_match,Paper WT residue matches WT_model residue after global alignment
4,Q,A,1004,6,Q,aligned_match,Paper WT residue matches WT_model residue after global alignment
5,K,A,1005,7,K,aligned_match,Paper WT residue matches WT_model residue after global alignment
6,R,A,1006,8,R,aligned_match,Paper WT residue matches WT_model residue after global alignment
7,V,A,1007,9,V,aligned_match,Paper WT residue matches WT_model residue after global alignment
8,V,A,1008,10,V,aligned_match,Paper WT residue matches WT_model residue after global alignment
9,V,A,1009,11,V,aligned_match,Paper WT residue matches WT_model residue after global alignment
10,L,A,1010,12,L,aligned_match,Paper WT residue matches WT_model residue after global alignment
11,G,A,1011,13,G,aligned_match,Paper WT residue matches WT_model residue after global alignment
12,S,A,1012,14,S,aligned_match,Paper WT residue matches WT_model residue after global alignment
13,G,A,1013,15,G,aligned_match,Paper WT residue matches WT_model residue after global alignment
14,V,A,1014,16,V,aligned_match,Paper WT residue matches WT_model residue after global alignment
15,I,A,1015,17,I,aligned_match,Paper WT residue matches WT_model residue after global alignment
16,G,A,1016,18,G,aligned_match,Paper WT residue matches WT_model residue after global alignment
17,L,A,1017,19,L,aligned_match,Paper WT residue matches WT_model residue after global alignment
18,S,A,1018,20,S,aligned_match,Paper WT residue matches WT_model residue after global alignment
19,S,A,1019,21,S,aligned_match,Paper WT residue matches WT_model residue after global alignment
20,A,A,1020,22,A,aligned_match,Paper WT residue matches WT_model residue after global alignment
21,L,A,1021,23,L,aligned_match,Paper WT residue matches WT_model residue after global alignment
22,I,A,1022,24,I,aligned_match,Paper WT residue matches WT_model residue after global alignment
23,L,A,1023,25,L,aligned_match,Paper WT residue matches WT_model residue after global alignment
24,A,A,1024,26,A,aligned_match,Paper WT residue matches WT_model residue after global alignment
25,R,A,1025,27,R,aligned_match,Paper WT residue matches WT_model residue after global alignment
26,K,A,1026,28,K,aligned_match,Paper WT residue matches WT_model residue after global alignment
27,G,A,1027,29,G,aligned_match,Paper WT residue matches WT_model residue after global alignment
28,Y,A,1028,30,Y,aligned_match,Paper WT residue matches WT_model residue after global alignment
29,S,A,1029,31,S,aligned_match,Paper WT residue matches WT_model residue after global alignment
30,V,A,1030,32,V,aligned_match,Paper WT residue matches WT_model residue after global alignment
31,H,A,1031,33,H,aligned_match,Paper WT residue matches WT_model residue after global alignment
32,I,A,1032,34,I,aligned_match,Paper WT residue matches WT_model residue after global alignment
33,L,A,1033,35,L,aligned_match,Paper WT residue matches WT_model residue after global alignment
34,A,A,1034,36,A,aligned_match,Paper WT residue matches WT_model residue after global alignment
35,R,A,1035,37,R,aligned_match,Paper WT residue matches WT_model residue after global alignment
36,D,A,1036,38,D,aligned_match,Paper WT residue matches WT_model residue after global alignment
37,L,A,1037,39,L,aligned_match,Paper WT residue matches WT_model residue after global alignment
38,P,A,1038,40,P,aligned_match,Paper WT residue matches WT_model residue after global alignment
39,E,A,1039,41,E,aligned_match,Paper WT residue matches WT_model residue after global alignment
40,D,A,1040,42,D,aligned_match,Paper WT residue matches WT_model residue after global alignment
41,V,A,1041,43,V,aligned_match,Paper WT residue matches WT_model residue after global alignment
42,S,A,1042,44,S,aligned_match,Paper WT residue matches WT_model residue after global alignment
43,S,A,1043,45,S,aligned_match,Paper WT residue matches WT_model residue after global alignment
44,Q,A,1044,46,Q,aligned_match,Paper WT residue matches WT_model residue after global alignment
45,T,A,1045,47,T,aligned_match,Paper WT residue matches WT_model residue after global alignment
46,F,A,1046,48,F,aligned_match,Paper WT residue matches WT_model residue after global alignment
47,A,A,1047,49,A,aligned_match,Paper WT residue matches WT_model residue after global alignment
48,S,A,1048,50,S,aligned_match,Paper WT residue matches WT_model residue after global alignment
49,P,A,1049,51,P,aligned_match,Paper WT residue matches WT_model residue after global alignment
50,W,A,1050,52,W,aligned_match,Paper WT residue matches WT_model residue after global alignment
51,A,A,1051,53,A,aligned_match,Paper WT residue matches WT_model residue after global alignment
52,G,A,1052,54,G,aligned_match,Paper WT residue matches WT_model residue after global alignment
53,A,A,1053,55,A,aligned_match,Paper WT residue matches WT_model residue after global alignment
54,N,A,1054,56,N,aligned_match,Paper WT residue matches WT_model residue after global alignment
55,W,A,1055,57,W,aligned_match,Paper WT residue matches WT_model residue after global alignment
56,T,A,1056,58,T,aligned_match,Paper WT residue matches WT_model residue after global alignment
57,P,A,1057,59,P,aligned_match,Paper WT residue matches WT_model residue after global alignment
58,F,A,1058,60,F,aligned_match,Paper WT residue matches WT_model residue after global alignment
59,M,A,1059,61,M,aligned_match,Paper WT residue matches WT_model residue after global alignment
60,T,A,1060,62,T,aligned_match,Paper WT residue matches WT_model residue after global alignment
61,L,A,1061,63,L,aligned_match,Paper WT residue matches WT_model residue after global alignment
62,T,A,1062,64,T,aligned_match,Paper WT residue matches WT_model residue after global alignment
63,D,A,1063,65,D,aligned_match,Paper WT residue matches WT_model residue after global alignment
64,G,A,1064,66,G,aligned_match,Paper WT residue matches WT_model residue after global alignment
65,P,A,1065,67,P,aligned_match,Paper WT residue matches WT_model residue after global alignment
66,R,A,1066,68,R,aligned_match,Paper WT residue matches WT_model residue after global alignment
67,Q,A,1067,69,Q,aligned_match,Paper WT residue matches WT_model residue after global alignment
68,A,A,1068,70,A,aligned_match,Paper WT residue matches WT_model residue after global alignment
69,K,A,1069,71,K,aligned_match,Paper WT residue matches WT_model residue after global alignment
70,W,A,1070,72,W,aligned_match,Paper WT residue matches WT_model residue after global alignment
71,E,A,1071,73,E,aligned_match,Paper WT residue matches WT_model residue after global alignment
72,E,A,1072,74,E,aligned_match,Paper WT residue matches WT_model residue after global alignment
73,S,A,1073,75,S,aligned_match,Paper WT residue matches WT_model residue after global alignment
74,T,A,1074,76,T,aligned_match,Paper WT residue matches WT_model residue after global alignment
75,F,A,1075,77,F,aligned_match,Paper WT residue matches WT_model residue after global alignment
76,K,A,1076,78,K,aligned_match,Paper WT residue matches WT_model residue after global alignment
77,K,A,1077,79,K,aligned_match,Paper WT residue matches WT_model residue after global alignment
78,W,A,1078,80,W,aligned_match,Paper WT residue matches WT_model residue after global alignment
79,V,A,1079,81,V,aligned_match,Paper WT residue matches WT_model residue after global alignment
80,E,A,1080,82,E,aligned_match,Paper WT residue matches WT_model residue after global alignment
81,L,A,1081,83,L,aligned_match,Paper WT residue matches WT_model residue after global alignment
82,V,A,1082,84,V,aligned_match,Paper WT residue matches WT_model residue after global alignment
83,P,A,1083,85,P,aligned_match,Paper WT residue matches WT_model residue after global alignment
84,T,A,1084,86,T,aligned_match,Paper WT residue matches WT_model residue after global alignment
85,G,A,1085,87,G,aligned_match,Paper WT residue matches WT_model residue after global alignment
86,H,A,1086,88,H,aligned_match,Paper WT residue matches WT_model residue after global alignment
87,A,A,1087,89,A,aligned_match,Paper WT residue matches WT_model residue after global alignment
88,M,A,1088,90,M,aligned_match,Paper WT residue matches WT_model residue after global alignment
89,W,A,1089,91,W,aligned_match,Paper WT residue matches WT_model residue after global alignment
90,L,A,1090,92,L,aligned_match,Paper WT residue matches WT_model residue after global alignment
91,K,A,1091,93,K,aligned_match,Paper WT residue matches WT_model residue after global alignment
92,G,A,1092,94,G,aligned_match,Paper WT residue matches WT_model residue after global alignment
93,T,A,1093,95,T,aligned_match,Paper WT residue matches WT_model residue after global alignment
94,R,A,1094,96,R,aligned_match,Paper WT residue matches WT_model residue after global alignment
95,R,A,1095,97,R,aligned_match,Paper WT residue matches WT_model residue after global alignment
96,F,A,1096,98,F,aligned_match,Paper WT residue matches WT_model residue after global alignment
97,A,A,1097,99,A,aligned_match,Paper WT residue matches WT_model residue after global alignment
98,Q,A,1098,100,Q,aligned_match,Paper WT residue matches WT_model residue after global alignment
99,N,A,1099,101,N,aligned_match,Paper WT residue matches WT_model residue after global alignment
100,E,A,1100,102,E,aligned_match,Paper WT residue matches WT_model residue after global alignment
101,D,A,1101,103,D,aligned_match,Paper WT residue matches WT_model residue after global alignment
102,G,A,1102,104,G,aligned_match,Paper WT residue matches WT_model residue after global alignment
103,L,A,1103,105,L,aligned_match,Paper WT residue matches WT_model residue after global alignment
104,L,A,1104,106,L,aligned_match,Paper WT residue matches WT_model residue after global alignment
105,G,A,1105,107,G,aligned_match,Paper WT residue matches WT_model residue after global alignment
106,H,A,1106,108,H,aligned_match,Paper WT residue matches WT_model residue after global alignment
107,W,A,1107,109,W,aligned_match,Paper WT residue matches WT_model residue after global alignment
108,Y,A,1108,110,Y,aligned_match,Paper WT residue matches WT_model residue after global alignment
109,K,A,1109,111,K,aligned_match,Paper WT residue matches WT_model residue after global alignment
110,D,A,1110,112,D,aligned_match,Paper WT residue matches WT_model residue after global alignment
111,I,A,1111,113,I,aligned_match,Paper WT residue matches WT_model residue after global alignment
112,T,A,1112,114,T,aligned_match,Paper WT residue matches WT_model residue after global alignment
113,P,A,1113,115,P,aligned_match,Paper WT residue matches WT_model residue after global alignment
114,N,A,1114,116,N,aligned_match,Paper WT residue matches WT_model residue after global alignment
115,Y,A,1115,117,Y,aligned_match,Paper WT residue matches WT_model residue after global alignment
116,R,A,1116,118,R,aligned_match,Paper WT residue matches WT_model residue after global alignment
117,P,A,1117,119,P,aligned_match,Paper WT residue matches WT_model residue after global alignment
118,L,A,1118,120,L,aligned_match,Paper WT residue matches WT_model residue after global alignment
119,P,A,1119,121,P,aligned_match,Paper WT residue matches WT_model residue after global alignment
120,S,A,1120,122,S,aligned_match,Paper WT residue matches WT_model residue after global alignment
121,S,A,1121,123,S,aligned_match,Paper WT residue matches WT_model residue after global alignment
122,E,A,1122,124,E,aligned_match,Paper WT residue matches WT_model residue after global alignment
123,C,A,1123,125,C,aligned_match,Paper WT residue matches WT_model residue after global alignment
124,P,A,1124,126,P,aligned_match,Paper WT residue matches WT_model residue after global alignment
125,P,A,1125,127,P,aligned_match,Paper WT residue matches WT_model residue after global alignment
126,G,A,1126,128,G,aligned_match,Paper WT residue matches WT_model residue after global alignment
127,A,A,1127,129,A,aligned_match,Paper WT residue matches WT_model residue after global alignment
128,I,A,1128,130,I,aligned_match,Paper WT residue matches WT_model residue after global alignment
129,G,A,1129,131,G,aligned_match,Paper WT residue matches WT_model residue after global alignment
130,V,A,1130,132,V,aligned_match,Paper WT residue matches WT_model residue after global alignment
131,T,A,1131,133,T,aligned_match,Paper WT residue matches WT_model residue after global alignment
132,Y,A,1132,134,Y,aligned_match,Paper WT residue matches WT_model residue after global alignment
133,D,A,1133,135,D,aligned_match,Paper WT residue matches WT_model residue after global alignment
134,T,A,1134,136,T,aligned_match,Paper WT residue matches WT_model residue after global alignment
135,L,A,1135,137,L,aligned_match,Paper WT residue matches WT_model residue after global alignment
136,S,A,1136,138,S,aligned_match,Paper WT residue matches WT_model residue after global alignment
137,V,A,1137,139,V,aligned_match,Paper WT residue matches WT_model residue after global alignment
138,H,A,1138,140,H,aligned_match,Paper WT residue matches WT_model residue after global alignment
139,A,A,1139,141,A,aligned_match,Paper WT residue matches WT_model residue after global alignment
140,P,A,1140,142,P,aligned_match,Paper WT residue matches WT_model residue after global alignment
141,K,A,1141,143,K,aligned_match,Paper WT residue matches WT_model residue after global alignment
142,Y,A,1142,144,Y,aligned_match,Paper WT residue matches WT_model residue after global alignment
143,C,A,1143,145,C,aligned_match,Paper WT residue matches WT_model residue after global alignment
144,Q,A,1144,146,Q,aligned_match,Paper WT residue matches WT_model residue after global alignment
145,Y,A,1145,147,Y,aligned_match,Paper WT residue matches WT_model residue after global alignment
146,L,A,1146,148,L,aligned_match,Paper WT residue matches WT_model residue after global alignment
147,A,A,1147,149,A,aligned_match,Paper WT residue matches WT_model residue after global alignment
148,R,A,1148,150,R,aligned_match,Paper WT residue matches WT_model residue after global alignment
149,E,A,1149,151,E,aligned_match,Paper WT residue matches WT_model residue after global alignment
150,L,A,1150,152,L,aligned_match,Paper WT residue matches WT_model residue after global alignment
151,Q,A,1151,153,Q,aligned_match,Paper WT residue matches WT_model residue after global alignment
152,K,A,1152,154,K,aligned_match,Paper WT residue matches WT_model residue after global alignment
153,L,A,1153,155,L,aligned_match,Paper WT residue matches WT_model residue after global alignment
154,G,A,1154,156,G,aligned_match,Paper WT residue matches WT_model residue after global alignment
155,A,A,1155,157,A,aligned_match,Paper WT residue matches WT_model residue after global alignment
156,T,A,1156,158,T,aligned_match,Paper WT residue matches WT_model residue after global alignment
157,F,A,1157,159,F,aligned_match,Paper WT residue matches WT_model residue after global alignment
158,E,A,1158,160,E,aligned_match,Paper WT residue matches WT_model residue after global alignment
159,R,A,1159,161,R,aligned_match,Paper WT residue matches WT_model residue after global alignment
160,R,A,1160,162,R,aligned_match,Paper WT residue matches WT_model residue after global alignment
161,T,A,1161,163,T,aligned_match,Paper WT residue matches WT_model residue after global alignment
162,V,A,1162,164,V,aligned_match,Paper WT residue matches WT_model residue after global alignment
163,T,A,1163,165,T,aligned_match,Paper WT residue matches WT_model residue after global alignment
164,S,A,1164,166,S,aligned_match,Paper WT residue matches WT_model residue after global alignment
165,L,A,1165,167,L,aligned_match,Paper WT residue matches WT_model residue after global alignment
166,E,A,1166,168,E,aligned_match,Paper WT residue matches WT_model residue after global alignment
167,Q,A,1167,169,Q,aligned_match,Paper WT residue matches WT_model residue after global alignment
168,A,A,1168,170,A,aligned_match,Paper WT residue matches WT_model residue after global alignment
169,F,A,1169,171,F,aligned_match,Paper WT residue matches WT_model residue after global alignment
170,D,A,1170,172,D,aligned_match,Paper WT residue matches WT_model residue after global alignment
171,G,A,1171,173,G,aligned_match,Paper WT residue matches WT_model residue after global alignment
172,A,A,1172,174,A,aligned_match,Paper WT residue matches WT_model residue after global alignment
173,D,A,1173,175,D,aligned_match,Paper WT residue matches WT_model residue after global alignment
174,L,A,1174,176,L,aligned_match,Paper WT residue matches WT_model residue after global alignment
175,V,A,1175,177,V,aligned_match,Paper WT residue matches WT_model residue after global alignment
176,V,A,1176,178,V,aligned_match,Paper WT residue matches WT_model residue after global alignment
177,N,A,1177,179,N,aligned_match,Paper WT residue matches WT_model residue after global alignment
178,A,A,1178,180,A,aligned_match,Paper WT residue matches WT_model residue after global alignment
179,T,A,1179,181,T,aligned_match,Paper WT residue matches WT_model residue after global alignment
180,G,A,1180,182,G,aligned_match,Paper WT residue matches WT_model residue after global alignment
181,L,A,1181,183,L,aligned_match,Paper WT residue matches WT_model residue after global alignment
182,G,A,1182,184,G,aligned_match,Paper WT residue matches WT_model residue after global alignment
183,A,A,1183,185,A,aligned_match,Paper WT residue matches WT_model residue after global alignment
184,K,A,1184,186,K,aligned_match,Paper WT residue matches WT_model residue after global alignment
185,S,A,1185,187,S,aligned_match,Paper WT residue matches WT_model residue after global alignment
186,I,A,1186,188,I,aligned_match,Paper WT residue matches WT_model residue after global alignment
187,A,A,1187,189,A,aligned_match,Paper WT residue matches WT_model residue after global alignment
188,G,A,1188,190,G,aligned_match,Paper WT residue matches WT_model residue after global alignment
189,I,A,1189,191,I,aligned_match,Paper WT residue matches WT_model residue after global alignment
190,D,A,1190,192,D,aligned_match,Paper WT residue matches WT_model residue after global alignment
191,D,A,1191,193,D,aligned_match,Paper WT residue matches WT_model residue after global alignment
192,Q,A,1192,194,Q,aligned_match,Paper WT residue matches WT_model residue after global alignment
193,A,A,1193,195,A,aligned_match,Paper WT residue matches WT_model residue after global alignment
194,A,A,1194,196,A,aligned_match,Paper WT residue matches WT_model residue after global alignment
195,E,A,1195,197,E,aligned_match,Paper WT residue matches WT_model residue after global alignment
196,P,A,1196,198,P,aligned_match,Paper WT residue matches WT_model residue after global alignment
197,I,A,1197,199,I,aligned_match,Paper WT residue matches WT_model residue after global alignment
198,R,A,1198,200,R,aligned_match,Paper WT residue matches WT_model residue after global alignment
199,G,A,1199,201,G,aligned_match,Paper WT residue matches WT_model residue after global alignment
200,Q,A,1200,202,Q,aligned_match,Paper WT residue matches WT_model residue after global alignment
201,T,A,1201,203,T,aligned_match,Paper WT residue matches WT_model residue after global alignment
202,V,A,1202,204,V,aligned_match,Paper WT residue matches WT_model residue after global alignment
203,L,A,1203,205,L,aligned_match,Paper WT residue matches WT_model residue after global alignment
204,V,A,1204,206,V,aligned_match,Paper WT residue matches WT_model residue after global alignment
205,K,A,1205,207,K,aligned_match,Paper WT residue matches WT_model residue after global alignment
206,S,A,1206,208,S,aligned_match,Paper WT residue matches WT_model residue after global alignment
207,P,A,1207,209,P,aligned_match,Paper WT residue matches WT_model residue after global alignment
208,C,A,1208,210,C,aligned_match,Paper WT residue matches WT_model residue after global alignment
209,K,A,1209,211,K,aligned_match,Paper WT residue matches WT_model residue after global alignment
210,R,A,1210,212,R,aligned_match,Paper WT residue matches WT_model residue after global alignment
211,C,A,1211,213,C,aligned_match,Paper WT residue matches WT_model residue after global alignment
212,T,A,1212,214,T,aligned_match,Paper WT residue matches WT_model residue after global alignment
213,M,A,1213,215,M,aligned_match,Paper WT residue matches WT_model residue after global alignment
214,D,A,1214,216,D,aligned_match,Paper WT residue matches WT_model residue after global alignment
215,S,A,1215,217,S,aligned_match,Paper WT residue matches WT_model residue after global alignment
216,S,A,1216,218,S,aligned_match,Paper WT residue matches WT_model residue after global alignment
217,D,A,1217,219,D,aligned_match,Paper WT residue matches WT_model residue after global alignment
218,P,A,1218,220,P,aligned_match,Paper WT residue matches WT_model residue after global alignment
219,A,A,1219,221,A,aligned_match,Paper WT residue matches WT_model residue after global alignment
220,S,A,1220,222,S,aligned_match,Paper WT residue matches WT_model residue after global alignment
221,P,A,1221,223,P,aligned_match,Paper WT residue matches WT_model residue after global alignment
222,A,A,1222,224,A,aligned_match,Paper WT residue matches WT_model residue after global alignment
223,Y,A,1223,225,Y,aligned_match,Paper WT residue matches WT_model residue after global alignment
224,I,A,1224,226,I,aligned_match,Paper WT residue matches WT_model residue after global alignment
225,I,A,1225,227,I,aligned_match,Paper WT residue matches WT_model residue after global alignment
226,P,A,1226,228,P,aligned_match,Paper WT residue matches WT_model residue after global alignment
227,R,A,1227,229,R,aligned_match,Paper WT residue matches WT_model residue after global alignment
228,P,A,1228,230,P,aligned_match,Paper WT residue matches WT_model residue after global alignment
229,G,A,1229,231,G,aligned_match,Paper WT residue matches WT_model residue after global alignment
230,G,A,1230,232,G,aligned_match,Paper WT residue matches WT_model residue after global alignment
231,E,A,1231,233,E,aligned_match,Paper WT residue matches WT_model residue after global alignment
232,V,A,1232,234,V,aligned_match,Paper WT residue matches WT_model residue after global alignment
233,I,A,1233,235,I,aligned_match,Paper WT residue matches WT_model residue after global alignment
234,C,A,1234,236,C,aligned_match,Paper WT residue matches WT_model residue after global alignment
235,G,A,1235,237,G,aligned_match,Paper WT residue matches WT_model residue after global alignment
236,G,A,1236,238,G,aligned_match,Paper WT residue matches WT_model residue after global alignment
237,T,A,1237,239,T,aligned_match,Paper WT residue matches WT_model residue after global alignment
238,Y,A,1238,240,Y,aligned_match,Paper WT residue matches WT_model residue after global alignment
239,G,A,1239,241,G,aligned_match,Paper WT residue matches WT_model residue after global alignment
240,V,A,1240,242,V,aligned_match,Paper WT residue matches WT_model residue after global alignment
241,G,A,1241,243,G,aligned_match,Paper WT residue matches WT_model residue after global alignment
242,D,A,1242,244,D,aligned_match,Paper WT residue matches WT_model residue after global alignment
243,W,A,1243,245,W,aligned_match,Paper WT residue matches WT_model residue after global alignment
244,D,A,1244,246,D,aligned_match,Paper WT residue matches WT_model residue after global alignment
245,L,A,1245,247,L,aligned_match,Paper WT residue matches WT_model residue after global alignment
246,S,A,1246,248,S,aligned_match,Paper WT residue matches WT_model residue after global alignment
247,V,A,1247,249,V,aligned_match,Paper WT residue matches WT_model residue after global alignment
248,N,A,1248,250,N,aligned_match,Paper WT residue matches WT_model residue after global alignment
249,P,A,1249,251,P,aligned_match,Paper WT residue matches WT_model residue after global alignment
250,E,A,1250,252,E,aligned_match,Paper WT residue matches WT_model residue after global alignment
251,T,A,1251,253,T,aligned_match,Paper WT residue matches WT_model residue after global alignment
252,V,A,1252,254,V,aligned_match,Paper WT residue matches WT_model residue after global alignment
253,Q,A,1253,255,Q,aligned_match,Paper WT residue matches WT_model residue after global alignment
254,R,A,1254,256,R,aligned_match,Paper WT residue matches WT_model residue after global alignment
255,I,A,1255,257,I,aligned_match,Paper WT residue matches WT_model residue after global alignment
256,L,A,1256,258,L,aligned_match,Paper WT residue matches WT_model residue after global alignment
257,K,A,1257,259,K,aligned_match,Paper WT residue matches WT_model residue after global alignment
258,H,A,1258,260,H,aligned_match,Paper WT residue matches WT_model residue after global alignment
259,C,A,1259,261,C,aligned_match,Paper WT residue matches WT_model residue after global alignment
260,L,A,1260,262,L,aligned_match,Paper WT residue matches WT_model residue after global alignment
261,R,A,1261,263,R,aligned_match,Paper WT residue matches WT_model residue after global alignment
262,L,A,1262,264,L,aligned_match,Paper WT residue matches WT_model residue after global alignment
263,D,A,1263,265,D,aligned_match,Paper WT residue matches WT_model residue after global alignment
264,P,A,1264,266,P,aligned_match,Paper WT residue matches WT_model residue after global alignment
265,T,A,1265,267,T,aligned_match,Paper WT residue matches WT_model residue after global alignment
266,I,A,1266,268,I,aligned_match,Paper WT residue matches WT_model residue after global alignment
267,S,A,1267,269,S,aligned_match,Paper WT residue matches WT_model residue after global alignment
268,S,A,1268,270,S,aligned_match,Paper WT residue matches WT_model residue after global alignment
269,D,A,1269,271,D,aligned_match,Paper WT residue matches WT_model residue after global alignment
270,G,A,1270,272,G,aligned_match,Paper WT residue matches WT_model residue after global alignment
271,T,A,1271,273,T,aligned_match,Paper WT residue matches WT_model residue after global alignment
272,I,A,1272,274,I,aligned_match,Paper WT residue matches WT_model residue after global alignment
273,E,A,1273,275,E,aligned_match,Paper WT residue matches WT_model residue after global alignment
274,G,A,1274,276,G,aligned_match,Paper WT residue matches WT_model residue after global alignment
275,I,A,1275,277,I,aligned_match,Paper WT residue matches WT_model residue after global alignment
276,E,A,1276,278,E,aligned_match,Paper WT residue matches WT_model residue after global alignment
277,V,A,1277,279,V,aligned_match,Paper WT residue matches WT_model residue after global alignment
278,L,A,1278,280,L,aligned_match,Paper WT residue matches WT_model residue after global alignment
279,R,A,1279,281,R,aligned_match,Paper WT residue matches WT_model residue after global alignment
280,H,A,1280,282,H,aligned_match,Paper WT residue matches WT_model residue after global alignment
281,N,A,1281,283,N,aligned_match,Paper WT residue matches WT_model residue after global alignment
282,V,A,1282,284,V,aligned_match,Paper WT residue matches WT_model residue after global alignment
283,G,A,1283,285,G,aligned_match,Paper WT residue matches WT_model residue after global alignment
284,L,A,1284,286,L,aligned_match,Paper WT residue matches WT_model residue after global alignment
285,R,A,1285,287,R,aligned_match,Paper WT residue matches WT_model residue after global alignment
286,P,A,1286,288,P,aligned_match,Paper WT residue matches WT_model residue after global alignment
287,A,A,1287,289,A,aligned_match,Paper WT residue matches WT_model residue after global alignment
288,R,A,1288,290,R,aligned_match,Paper WT residue matches WT_model residue after global alignment
289,R,A,1289,291,R,aligned_match,Paper WT residue matches WT_model residue after global alignment
290,G,A,1290,292,G,aligned_match,Paper WT residue matches WT_model residue after global alignment
291,G,A,1291,293,G,aligned_match,Paper WT residue matches WT_model residue after global alignment
292,P,A,1292,294,P,aligned_match,Paper WT residue matches WT_model residue after global alignment
293,R,A,1293,295,R,aligned_match,Paper WT residue matches WT_model residue after global alignment
294,V,A,1294,296,V,aligned_match,Paper WT residue matches WT_model residue after global alignment
295,E,A,1295,297,E,aligned_match,Paper WT residue matches WT_model residue after global alignment
296,A,A,1296,298,A,aligned_match,Paper WT residue matches WT_model residue after global alignment
297,E,A,1297,299,E,aligned_match,Paper WT residue matches WT_model residue after global alignment
298,R,A,1298,300,R,aligned_match,Paper WT residue matches WT_model residue after global alignment
299,I,A,1299,301,I,aligned_match,Paper WT residue matches WT_model residue after global alignment
300,V,A,1300,302,V,aligned_match,Paper WT residue matches WT_model residue after global alignment
301,L,A,1301,303,L,aligned_match,Paper WT residue matches WT_model residue after global alignment
302,P,A,1302,304,P,aligned_match,Paper WT residue matches WT_model residue after global alignment
303,L,A,1303,305,L,aligned_match,Paper WT residue matches WT_model residue after global alignment
304,D,A,1304,306,D,aligned_match,Paper WT residue matches WT_model residue after global alignment
305,R,A,1305,307,R,aligned_match,Paper WT residue matches WT_model residue after global alignment
306,T,A,1306,308,T,aligned_match,Paper WT residue matches WT_model residue after global alignment
307,K,A,1307,309,K,aligned_match,Paper WT residue matches WT_model residue after global alignment
308,S,A,1308,310,S,aligned_match,Paper WT residue matches WT_model residue after global alignment
309,P,A,1309,311,P,aligned_match,Paper WT residue matches WT_model residue after global alignment
310,L,A,1310,312,L,aligned_match,Paper WT residue matches WT_model residue after global alignment
311,S,A,1311,313,S,aligned_match,Paper WT residue matches WT_model residue after global alignment
312,L,A,1312,314,L,aligned_match,Paper WT residue matches WT_model residue after global alignment
313,G,A,1313,315,G,aligned_match,Paper WT residue matches WT_model residue after global alignment
314,R,A,1314,316,R,aligned_match,Paper WT residue matches WT_model residue after global alignment
315,G,A,1315,317,G,aligned_match,Paper WT residue matches WT_model residue after global alignment
316,S,A,1316,318,S,aligned_match,Paper WT residue matches WT_model residue after global alignment
317,A,A,1317,319,A,aligned_match,Paper WT residue matches WT_model residue after global alignment
318,R,A,1318,320,R,aligned_match,Paper WT residue matches WT_model residue after global alignment
319,A,A,1319,321,A,aligned_match,Paper WT residue matches WT_model residue after global alignment
320,A,A,1320,322,A,aligned_match,Paper WT residue matches WT_model residue after global alignment
321,K,A,1321,323,K,aligned_match,Paper WT residue matches WT_model residue after global alignment
322,E,A,1322,324,E,aligned_match,Paper WT residue matches WT_model residue after global alignment
323,K,A,1323,325,K,aligned_match,Paper WT residue matches WT_model residue after global alignment
324,E,A,1324,326,E,aligned_match,Paper WT residue matches WT_model residue after global alignment
325,V,A,1325,327,V,aligned_match,Paper WT residue matches WT_model residue after global alignment
326,T,A,1326,328,T,aligned_match,Paper WT residue matches WT_model residue after global alignment
327,L,A,1327,329,L,aligned_match,Paper WT residue matches WT_model residue after global alignment
328,V,A,1328,330,V,aligned_match,Paper WT residue matches WT_model residue after global alignment
329,H,A,1329,331,H,aligned_match,Paper WT residue matches WT_model residue after global alignment
330,A,A,1330,332,A,aligned_match,Paper WT residue matches WT_model residue after global alignment
331,Y,A,1331,333,Y,aligned_match,Paper WT residue matches WT_model residue after global alignment
332,G,A,1332,334,G,aligned_match,Paper WT residue matches WT_model residue after global alignment
333,F,A,1333,335,F,aligned_match,Paper WT residue matches WT_model residue after global alignment
334,S,A,1334,336,S,aligned_match,Paper WT residue matches WT_model residue after global alignment
335,S,A,1335,337,S,aligned_match,Paper WT residue matches WT_model residue after global alignment
336,A,A,1336,338,A,aligned_match,Paper WT residue matches WT_model residue after global alignment
337,G,A,1337,339,G,aligned_match,Paper WT residue matches WT_model residue after global alignment
338,Y,A,1338,340,Y,aligned_match,Paper WT residue matches WT_model residue after global alignment
339,Q,A,1339,341,Q,aligned_match,Paper WT residue matches WT_model residue after global alignment
340,Q,A,1340,342,Q,aligned_match,Paper WT residue matches WT_model residue after global alignment
341,S,A,1341,343,S,aligned_match,Paper WT residue matches WT_model residue after global alignment
342,W,A,1342,344,W,aligned_match,Paper WT residue matches WT_model residue after global alignment
343,G,A,1343,345,G,aligned_match,Paper WT residue matches WT_model residue after global alignment
344,A,A,1344,346,A,aligned_match,Paper WT residue matches WT_model residue after global alignment
345,A,A,1345,347,A,aligned_match,Paper WT residue matches WT_model residue after global alignment
346,E,A,1346,348,E,aligned_match,Paper WT residue matches WT_model residue after global alignment
347,D,A,1347,349,D,aligned_match,Paper WT residue matches WT_model residue after global alignment
348,V,A,1348,350,V,aligned_match,Paper WT residue matches WT_model residue after global alignment
349,A,A,1349,351,A,aligned_match,Paper WT residue matches WT_model residue after global alignment
350,Q,A,1350,352,Q,aligned_match,Paper WT residue matches WT_model residue after global alignment
351,L,A,1351,353,L,aligned_match,Paper WT residue matches WT_model residue after global alignment
352,V,A,1352,354,V,aligned_match,Paper WT residue matches WT_model residue after global alignment
353,D,A,1353,355,D,aligned_match,Paper WT residue matches WT_model residue after global alignment
354,E,A,1354,356,E,aligned_match,Paper WT residue matches WT_model residue after global alignment
355,A,A,1355,357,A,aligned_match,Paper WT residue matches WT_model residue after global alignment
356,F,A,1356,358,F,aligned_match,Paper WT residue matches WT_model residue after global alignment
357,Q,A,1357,359,Q,aligned_match,Paper WT residue matches WT_model residue after global alignment
358,R,A,1358,360,R,aligned_match,Paper WT residue matches WT_model residue after global alignment
359,Y,A,1359,361,Y,aligned_match,Paper WT residue matches WT_model residue after global alignment
360,H,A,1360,362,H,aligned_match,Paper WT residue matches WT_model residue after global alignment
361,G,A,1361,363,G,aligned_match,Paper WT residue matches WT_model residue after global alignment
362,A,,,,,paper_only_gap,Position exists in paper WT sequence but aligns to a gap in WT_model
363,A,,,,,paper_only_gap,Position exists in paper WT sequence but aligns to a gap in WT_model
364,R,,,,,paper_only_gap,Position exists in paper WT sequence but aligns to a gap in WT_model
365,E,,,,,paper_only_gap,Position exists in paper WT sequence but aligns to a gap in WT_model
